9dbb0a8c-1791-ec11-b400-000d3a2911da,"12/16/2025 10:31:31 AM","12/16/2025 10:31:31 AM",0,1,,,,,1,1,1,,,,1,1,1,2,2,1,1,,,,1,1,1,1,,,,,,,,,,False,False,False,False,False,False,False,False,True,,False,,False,False,,,,False,,,6683f57b-f890-ec11-b400-000d3a2917d8,"systemuser",,,,,,,6683f57b-f890-ec11-b400-000d3a2917d8,"systemuser",,,,,,,6d35fd75-f890-ec11-b400-000d3a2917d8,"businessunit",,,6683f57b-f890-ec11-b400-000d3a2917d8,"systemuser",,,,,,,,,,,45e9a5af-1691-ec11-b400-000d3a2917d8,"transactioncurrency",6683f57b-f890-ec11-b400-000d3a2917d8,"systemuser",dfba0a8c-1791-ec11-b400-000d3a2911da,"account",,,,,,,,,,,,,dddc11ef-0947-485f-81b8-99d6ae6c90af,"Redmond","249 Alexander Pl.
Redmond, WA 86372
U.S.","U.S.",,,,"249 Alexander Pl.",,,,,"86372",,,"WA",,,,,,06288d26-2172-4d99-8d9e-5a7e25b234a1,,,,,,,,,,,,,,,,,,,,,d0d12e2f-829d-41e0-a2d0-b7c2af7b4b69,,,,,,,,,,,,,,,,,,,,,,,,,,,,,,,,,,,,,,,,"1983-04-02T00:00:00",,,"1954-05-16T00:00:00",,,,,9dbb0a8c-1791-ec11-b400-000d3a2911da,,,"Martin Poeckl","Martin Poeckl","2022-02-19T00:05:20.0000000+00:00",,,,,"someone_a@example.com",,,,,637808259433452030,"/Image/download.aspx?Entity=contact&Attribute=entityimage&Id=9dbb0a8c-1791-ec11-b400-000d3a2911da&Timestamp=637808259433452030",311988ad-1791-ec11-b400-000d3a2917d8,1.000000000000,,,"Yvonne",,"Yvonne McKay (sample)",,,1,"Purchasing Manager","McKay (sample)",,,,,,,,,,,"Martin Poeckl","Martin Poeckl","2022-02-19T00:05:43Z",,,,,,,,,,"Martin Poeckl",,"Martin Poeckl","orgf889ae0b",,,,"Fourth Coffee",,,,,,,,,,"Abrus, Luka",,,,"555-0100",,,,4,"Euro",,,1998004,,,"Yvonne McKay (sample)",,
adbb0a8c-1791-ec11-b400-000d3a2911da,"12/16/2025 10:31:31 AM","12/16/2025 10:31:31 AM",0,1,,,,,1,1,1,,,,1,1,1,1,2,1,1,,,,1,1,1,1,,,,,,,,,,False,False,False,False,False,False,False,False,True,,False,,False,False,,,,False,,,6683f57b-f890-ec11-b400-000d3a2917d8,"systemuser",,,,,,,6683f57b-f890-ec11-b400-000d3a2917d8,"systemuser",,,,,,,6d35fd75-f890-ec11-b400-000d3a2917d8,"businessunit",,,6683f57b-f890-ec11-b400-000d3a2917d8,"systemuser",,,,,,,,,,,45e9a5af-1691-ec11-b400-000d3a2917d8,"transactioncurrency",6683f57b-f890-ec11-b400-000d3a2917d8,"systemuser",efba0a8c-1791-ec11-b400-000d3a2911da,"account",,,,,,,,,,,,,4f2fa659-8c1b-44c3-b315-b0717d5f8923,"Seattle","4948 West Th St
Seattle, WA 73683
U.S.","U.S.",,,,"4948 West Th St",,,,,"73683",,,"WA",,,,,,a03eb470-f8c9-43b1-970f-7ea8a317753e,,,,,,,,,,,,,,,,,,,,,769b9c25-b755-4737-8a80-cbfc1dab9393,,,,,,,,,,,,,,,,,,,,,,,,,,,,,,,,,,,,,,,,,,,"1984-11-22T00:00:00",,,,,adbb0a8c-1791-ec11-b400-000d3a2911da,,,"Martin Poeckl","Martin Poeckl","2022-02-19T00:05:21.0000000+00:00",,,,,"someone_i@example.com",,,,,637808259460015045,"/Image/download.aspx?Entity=contact&Attribute=entityimage&Id=adbb0a8c-1791-ec11-b400-000d3a2911da&Timestamp=637808259460015045",391988ad-1791-ec11-b400-000d3a2917d8,1.000000000000,,,"Rene",,"Rene Valdes (sample)",,,1,"Purchasing Assistant","Valdes (sample)",,,,,,,,,,,"Martin Poeckl","Martin Poeckl","2022-02-19T00:05:46Z",,,,,,,,,,"Martin Poeckl",,"Martin Poeckl","orgf889ae0b",,,,"A. Datum Corporation",,,,,,,,,,,,,,"555-0108",,,,4,"Euro",,,1997974,,,"Rene Valdes (sample)",,
a1bb0a8c-1791-ec11-b400-000d3a2911da,"12/16/2025 10:31:31 AM","12/16/2025 10:31:31 AM",0,1,,,,,1,1,1,,,,1,1,1,2,2,1,1,,,,1,1,1,1,,,,,,,,,,False,False,False,False,False,False,False,False,True,,False,,False,False,,,,False,,,6683f57b-f890-ec11-b400-000d3a2917d8,"systemuser",,,,,,,6683f57b-f890-ec11-b400-000d3a2917d8,"systemuser",,,,,,,6d35fd75-f890-ec11-b400-000d3a2917d8,"businessunit",,,6683f57b-f890-ec11-b400-000d3a2917d8,"systemuser",,,,,,,,,,,45e9a5af-1691-ec11-b400-000d3a2917d8,"transactioncurrency",6683f57b-f890-ec11-b400-000d3a2917d8,"systemuser",e3ba0a8c-1791-ec11-b400-000d3a2911da,"account",,,,,,,,,,,,,f1e18ddf-36e6-4633-bb72-e9ee2b05cb02,"Duvall","5086 Nottingham Place
Duvall, WA 16982
U.S.","U.S.",,,,"5086 Nottingham Place",,,,,"16982",,,"WA",,,,,,ac777d7c-8016-44ad-9f31-3dce68b6f23e,,,,,,,,,,,,,,,,,,,,,300bdb91-8e8e-4480-bce0-2a745cfc22f7,,,,,,,,,,,,,,,,,,,,,,,,,,,,,,,,,,,,,,,,"2007-01-01T00:00:00",,,"1960-04-22T00:00:00",,,,,a1bb0a8c-1791-ec11-b400-000d3a2911da,,,"Martin Poeckl","Martin Poeckl","2022-02-19T00:05:21.0000000+00:00",,,,,"someone_c@example.com",,,,,637808259449858600,"/Image/download.aspx?Entity=contact&Attribute=entityimage&Id=a1bb0a8c-1791-ec11-b400-000d3a2911da&Timestamp=637808259449858600",331988ad-1791-ec11-b400-000d3a2917d8,1.000000000000,,,"Nancy",,"Nancy Anderson (sample)",,,1,"Purchasing Assistant","Anderson (sample)",,,,,,,,,,,"Martin Poeckl","Martin Poeckl","2022-02-19T00:05:44Z",,,,,,,,,,"Martin Poeckl",,"Martin Poeckl","orgf889ae0b",,,,"Adventure Works",,,,,,,,,,"Harris, Phyllis",,,,"555-0102",,,,4,"Euro",,,1997978,,,"Nancy Anderson (sample)",,
abbb0a8c-1791-ec11-b400-000d3a2911da,"12/16/2025 10:31:31 AM","12/16/2025 10:31:31 AM",0,1,,,,,1,1,1,,,,1,1,1,3,1,1,1,,,,1,1,1,1,,,,,,,,,,False,False,False,False,False,False,False,False,True,,False,,False,False,,,,False,,,6683f57b-f890-ec11-b400-000d3a2917d8,"systemuser",,,,,,,6683f57b-f890-ec11-b400-000d3a2917d8,"systemuser",,,,,,,6d35fd75-f890-ec11-b400-000d3a2917d8,"businessunit",,,6683f57b-f890-ec11-b400-000d3a2917d8,"systemuser",,,,,,,,,,,45e9a5af-1691-ec11-b400-000d3a2917d8,"transactioncurrency",6683f57b-f890-ec11-b400-000d3a2917d8,"systemuser",edba0a8c-1791-ec11-b400-000d3a2911da,"account",,,,,,,,,,,,,858e705c-1c81-4413-9ec2-ae2861bdba52,"Redmond","7723 Firestone Drive
Redmond, WA 32147
U.S.","U.S.",,,,"7723 Firestone Drive",,,,,"32147",,,"WA",,,,,,b35025bc-f547-4088-a8f6-130ec88a96e7,,,,,,,,,,,,,,,,,,,,,1017df09-0f93-416e-a412-f57c7b1eb9b7,,,,,,,,,,,,,,,,,,,,,,,,,,,,,,,,,,,,,,,,"2005-10-20T00:00:00",,,"1966-07-05T00:00:00",,,,,abbb0a8c-1791-ec11-b400-000d3a2911da,,,"Martin Poeckl","Martin Poeckl","2022-02-19T00:05:21.0000000+00:00",,,,,"someone_h@example.com",,,,,637808259458608768,"/Image/download.aspx?Entity=contact&Attribute=entityimage&Id=abbb0a8c-1791-ec11-b400-000d3a2911da&Timestamp=637808259458608768",381988ad-1791-ec11-b400-000d3a2917d8,1.000000000000,,,"Paul",,"Paul Cannon (sample)",,,1,"Purchasing Assistant","Cannon (sample)",,,,,,,,,,,"Martin Poeckl","Martin Poeckl","2022-02-19T00:05:45Z",,,,,,,,,,"Martin Poeckl",,"Martin Poeckl","orgf889ae0b",,,,"Alpine Ski House",,,,,,,,,,,,,,"555-0107",,,,4,"Euro",,,1997982,,,"Paul Cannon (sample)",,
b1bb0a8c-1791-ec11-b400-000d3a2911da,"12/16/2025 10:31:31 AM","12/16/2025 10:31:31 AM",0,1,,,,,1,1,1,,,,1,1,1,1,1,1,1,,,,1,1,1,1,,,,,,,,,,False,False,False,False,False,False,False,False,True,,False,,False,False,,,,False,,,6683f57b-f890-ec11-b400-000d3a2917d8,"systemuser",,,,,,,6683f57b-f890-ec11-b400-000d3a2917d8,"systemuser",,,,,,,6d35fd75-f890-ec11-b400-000d3a2917d8,"businessunit",,,6683f57b-f890-ec11-b400-000d3a2917d8,"systemuser",,,,,,,,,,,45e9a5af-1691-ec11-b400-000d3a2917d8,"transactioncurrency",6683f57b-f890-ec11-b400-000d3a2917d8,"systemuser",edba0a8c-1791-ec11-b400-000d3a2911da,"account",,,,,,,,,,,,,11ddf21a-7453-4046-9a15-1d0354ffd5b5,"Seattle","7765 Sunsine Drive
Seattle, WA 11910
U.S.","U.S.",,,,"7765 Sunsine Drive",,,,,"11910",,,"WA",,,,,,04660c8f-3a50-4148-9dc6-9d985dc4a6e2,,,,,,,,,,,,,,,,,,,,,8d9dfd88-34f8-496c-ab8a-376577a9f4c7,,,,,,,,,,,,,,,,,,,,,,,,,,,,,,,,,,,,,,,,,,,"1952-07-02T00:00:00",,,,,b1bb0a8c-1791-ec11-b400-000d3a2911da,,,"Martin Poeckl","Martin Poeckl","2022-02-19T00:05:21.0000000+00:00",,,,,"someone_k@example.com",,,,,637808259463140120,"/Image/download.aspx?Entity=contact&Attribute=entityimage&Id=b1bb0a8c-1791-ec11-b400-000d3a2911da&Timestamp=637808259463140120",3b1988ad-1791-ec11-b400-000d3a2917d8,1.000000000000,,,"Patrick",,"Patrick Sands (sample)",,,1,"Owner","Sands (sample)",,,,,,,,,,,"Martin Poeckl","Martin Poeckl","2022-02-19T00:05:46Z",,,,,,,,,,"Martin Poeckl",,"Martin Poeckl","orgf889ae0b",,,,"Alpine Ski House",,,,,,,,,,,,,,"555-0110",,,,4,"Euro",,,1997983,,,"Patrick Sands (sample)",,
a5bb0a8c-1791-ec11-b400-000d3a2911da,"12/16/2025 10:31:31 AM","12/16/2025 10:31:31 AM",0,1,,,,,1,1,1,,,,1,1,1,2,1,1,1,,,,1,1,1,1,,,,,,,,,,False,False,False,False,False,False,False,False,True,,False,,False,False,,,,False,,,6683f57b-f890-ec11-b400-000d3a2917d8,"systemuser",,,,,,,6683f57b-f890-ec11-b400-000d3a2917d8,"systemuser",,,,,,,6d35fd75-f890-ec11-b400-000d3a2917d8,"businessunit",,,6683f57b-f890-ec11-b400-000d3a2917d8,"systemuser",,,,,,,,,,,45e9a5af-1691-ec11-b400-000d3a2917d8,"transactioncurrency",6683f57b-f890-ec11-b400-000d3a2917d8,"systemuser",e7ba0a8c-1791-ec11-b400-000d3a2911da,"account",,,,,,,,,,,,,77e190d7-6c85-4602-9001-21041338bf9b,"Issaquah","7691 Benedict Ct.
Issaquah, WA 57065
U.S.","U.S.",,,,"7691 Benedict Ct.",,,,,"57065",,,"WA",,,,,,11f4fe6f-3b7e-404e-8503-fe9ccb94142e,,,,,,,,,,,,,,,,,,,,,e545291f-c417-44bb-8f1e-95ed98e51e7d,,,,,,,,,,,,,,,,,,,,,,,,,,,,,,,,,,,,,,,,"2006-09-14T00:00:00",,,"1966-03-07T00:00:00",,,,,a5bb0a8c-1791-ec11-b400-000d3a2911da,,,"Martin Poeckl","Martin Poeckl","2022-02-19T00:05:21.0000000+00:00",,,,,"someone_e@example.com",,,,,637808259454077459,"/Image/download.aspx?Entity=contact&Attribute=entityimage&Id=a5bb0a8c-1791-ec11-b400-000d3a2911da&Timestamp=637808259454077459",351988ad-1791-ec11-b400-000d3a2917d8,1.000000000000,,,"Sidney",,"Sidney Higa (sample)",,,1,"Owner","Higa (sample)",,,,,,,,,,,"Martin Poeckl","Martin Poeckl","2022-02-19T00:05:45Z",,,,,,,,,,"Martin Poeckl",,"Martin Poeckl","orgf889ae0b",,,,"Blue Yonder Airlines",,,,,,,,,,"Phillips, Jeff",,,,"555-0104",,,,4,"Euro",,,1997986,,,"Sidney Higa (sample)",,
a7bb0a8c-1791-ec11-b400-000d3a2911da,"12/16/2025 10:31:31 AM","12/16/2025 10:31:31 AM",0,1,,,,,1,1,1,,,,1,1,1,3,1,1,1,,,,1,1,1,1,,,,,,,,,,False,False,False,False,False,False,False,False,True,,False,,False,False,,,,False,,,6683f57b-f890-ec11-b400-000d3a2917d8,"systemuser",,,,,,,6683f57b-f890-ec11-b400-000d3a2917d8,"systemuser",,,,,,,6d35fd75-f890-ec11-b400-000d3a2917d8,"businessunit",,,6683f57b-f890-ec11-b400-000d3a2917d8,"systemuser",,,,,,,,,,,45e9a5af-1691-ec11-b400-000d3a2917d8,"transactioncurrency",6683f57b-f890-ec11-b400-000d3a2917d8,"systemuser",e9ba0a8c-1791-ec11-b400-000d3a2911da,"account",,,,,,,,,,,,,2f357111-5075-4eaf-a16d-b0302fd3f34e,"Issaquah","989 Caravelle Ct
Issaquah, WA 33597
U.S.","U.S.",,,,"989 Caravelle Ct",,,,,"33597",,,"WA",,,,,,1c27a4d1-1e9f-4886-b082-0a145b5b906b,,,,,,,,,,,,,,,,,,,,,a1d53968-db81-4327-a79a-77eba4a2b9c9,,,,,,,,,,,,,,,,,,,,,,,,,,,,,,,,,,,,,,,,"2001-11-09T00:00:00",,,"1977-06-17T00:00:00",,,,,a7bb0a8c-1791-ec11-b400-000d3a2911da,,,"Martin Poeckl","Martin Poeckl","2022-02-19T00:05:21.0000000+00:00",,,,,"someone_f@example.com",,,,,637808259455483706,"/Image/download.aspx?Entity=contact&Attribute=entityimage&Id=a7bb0a8c-1791-ec11-b400-000d3a2911da&Timestamp=637808259455483706",361988ad-1791-ec11-b400-000d3a2917d8,1.000000000000,,,"Scott",,"Scott Konersmann (sample)",,,1,"Purchasing Manager","Konersmann (sample)",,,,,,,,,,,"Martin Poeckl","Martin Poeckl","2022-02-19T00:05:45Z",,,,,,,,,,"Martin Poeckl",,"Martin Poeckl","orgf889ae0b",,,,"City Power & Light",,,,,,,,,,,,,,"555-0105",,,,4,"Euro",,,1997989,,,"Scott Konersmann (sample)",,
afbb0a8c-1791-ec11-b400-000d3a2911da,"12/16/2025 10:31:31 AM","12/16/2025 10:31:31 AM",0,1,,,,,1,1,1,,,,1,1,1,1,1,1,1,,,,1,1,1,1,,,,,,,,,,False,False,False,False,False,False,False,False,True,,False,,False,False,,,,False,,,6683f57b-f890-ec11-b400-000d3a2917d8,"systemuser",,,,,,,6683f57b-f890-ec11-b400-000d3a2917d8,"systemuser",,,,,,,6d35fd75-f890-ec11-b400-000d3a2917d8,"businessunit",,,6683f57b-f890-ec11-b400-000d3a2917d8,"systemuser",,,,,,,,,,,45e9a5af-1691-ec11-b400-000d3a2917d8,"transactioncurrency",6683f57b-f890-ec11-b400-000d3a2917d8,"systemuser",f1ba0a8c-1791-ec11-b400-000d3a2911da,"account",,,,,,,,,,,,,99b27a6b-9935-468c-9f20-7e685615a5a6,"Renton","7165 Brock Lane
Renton, WA 61795
U.S.","U.S.",,,,"7165 Brock Lane",,,,,"61795",,,"WA",,,,,,7c2f4c9e-223b-454c-a5f0-c20f3bd770db,,,,,,,,,,,,,,,,,,,,,4cb393a4-39c7-4da3-af39-1266c2404f48,,,,,,,,,,,,,,,,,,,,,,,,,,,,,,,,,,,,,,,,,,,"1959-03-02T00:00:00",,,,,afbb0a8c-1791-ec11-b400-000d3a2911da,,,"Martin Poeckl","Martin Poeckl","2022-02-19T00:05:21.0000000+00:00",,,,,"someone_j@example.com",,,,,637808259461890160,"/Image/download.aspx?Entity=contact&Attribute=entityimage&Id=afbb0a8c-1791-ec11-b400-000d3a2911da&Timestamp=637808259461890160",3a1988ad-1791-ec11-b400-000d3a2917d8,1.000000000000,,,"Jim",,"Jim Glynn (sample)",,,1,"Owner","Glynn (sample)",,,,,,,,,,,"Martin Poeckl","Martin Poeckl","2022-02-19T00:05:46Z",,,,,,,,,,"Martin Poeckl",,"Martin Poeckl","orgf889ae0b",,,,"Coho Winery",,,,,,,,,,,,,,"555-0109",,,,4,"Euro",,,1997992,,,"Jim Glynn (sample)",,
a9bb0a8c-1791-ec11-b400-000d3a2911da,"12/16/2025 10:31:31 AM","12/16/2025 10:31:31 AM",0,1,,,,,1,1,1,,,,1,1,1,3,1,1,1,,,,1,1,1,1,,,,,,,,,,False,False,False,False,False,False,False,False,True,,False,,False,False,,,,False,,,6683f57b-f890-ec11-b400-000d3a2917d8,"systemuser",,,,,,,6683f57b-f890-ec11-b400-000d3a2917d8,"systemuser",,,,,,,6d35fd75-f890-ec11-b400-000d3a2917d8,"businessunit",,,6683f57b-f890-ec11-b400-000d3a2917d8,"systemuser",,,,,,,,,,,45e9a5af-1691-ec11-b400-000d3a2917d8,"transactioncurrency",6683f57b-f890-ec11-b400-000d3a2917d8,"systemuser",ebba0a8c-1791-ec11-b400-000d3a2911da,"account",,,,,,,,,,,,,d60bdf22-7cbe-4dae-ba44-b81c9f9c7a31,"Snohomish","7230 Berrellesa Street
Snohomish, WA 78800
U.S.","U.S.",,,,"7230 Berrellesa Street",,,,,"78800",,,"WA",,,,,,4fcbb0e9-d4bb-4938-b564-f5681b93d862,,,,,,,,,,,,,,,,,,,,,fae4d811-4a06-4611-b7a9-cc64102e0744,,,,,,,,,,,,,,,,,,,,,,,,,,,,,,,,,,,,,,,,"2011-11-15T00:00:00",,,"1978-03-12T00:00:00",,,,,a9bb0a8c-1791-ec11-b400-000d3a2911da,,,"Martin Poeckl","Martin Poeckl","2022-02-19T00:05:21.0000000+00:00",,,,,"someone_g@example.com",,,,,637808259456889992,"/Image/download.aspx?Entity=contact&Attribute=entityimage&Id=a9bb0a8c-1791-ec11-b400-000d3a2911da&Timestamp=637808259456889992",371988ad-1791-ec11-b400-000d3a2917d8,1.000000000000,,,"Robert",,"Robert Lyon (sample)",,,1,"Owner","Lyon (sample)",,,,,,,,,,,"Martin Poeckl","Martin Poeckl","2022-02-19T00:05:45Z",,,,,,,,,,"Martin Poeckl",,"Martin Poeckl","orgf889ae0b",,,,"Contoso Pharmaceuticals",,,,,,,,,,,,,,"555-0106",,,,4,"Euro",,,1997998,,,"Robert Lyon (sample)",,
a3bb0a8c-1791-ec11-b400-000d3a2911da,"12/16/2025 10:31:31 AM","12/16/2025 10:31:31 AM",0,1,,,,,1,1,1,,,,1,1,1,2,2,1,1,,,,1,1,1,1,,,,,,,,,,False,False,False,False,False,False,False,False,True,,False,,False,False,,,,False,,,6683f57b-f890-ec11-b400-000d3a2917d8,"systemuser",,,,,,,6683f57b-f890-ec11-b400-000d3a2917d8,"systemuser",,,,,,,6d35fd75-f890-ec11-b400-000d3a2917d8,"businessunit",,,6683f57b-f890-ec11-b400-000d3a2917d8,"systemuser",,,,,,,,,,,45e9a5af-1691-ec11-b400-000d3a2917d8,"transactioncurrency",6683f57b-f890-ec11-b400-000d3a2917d8,"systemuser",e5ba0a8c-1791-ec11-b400-000d3a2911da,"account",,,,,,,,,,,,,a1ff8abe-f1b9-4338-964d-a5c63be35e91,"Monroe","3747 Likins Avenue
Monroe, WA 37925
U.S.","U.S.",,,,"3747 Likins Avenue",,,,,"37925",,,"WA",,,,,,cda5a423-571b-40f8-9386-dde3505acf77,,,,,,,,,,,,,,,,,,,,,e25369f6-99bc-4e06-8bee-6d5f6d050998,,,,,,,,,,,,,,,,,,,,,,,,,,,,,,,,,,,,,,,,"1992-12-09T00:00:00",,,"1962-01-14T00:00:00",,,,,a3bb0a8c-1791-ec11-b400-000d3a2911da,,,"Martin Poeckl","Martin Poeckl","2022-02-19T00:05:21.0000000+00:00",,,,,"someone_d@example.com",,,,,637808259451733619,"/Image/download.aspx?Entity=contact&Attribute=entityimage&Id=a3bb0a8c-1791-ec11-b400-000d3a2911da&Timestamp=637808259451733619",341988ad-1791-ec11-b400-000d3a2917d8,1.000000000000,,,"Maria",,"Maria Campbell (sample)",,,1,"Purchasing Manager","Campbell (sample)",,,,,,,,,,,"Martin Poeckl","Martin Poeckl","2022-02-19T00:05:45Z",,,,,,,,,,"Martin Poeckl",,"Martin Poeckl","orgf889ae0b",,,,"Fabrikam, Inc.",,,,,,,,,,"Penor, Lori",,,,"555-0103",,,,4,"Euro",,,1998001,,,"Maria Campbell (sample)",,
9fbb0a8c-1791-ec11-b400-000d3a2911da,"12/16/2025 10:31:31 AM","12/16/2025 10:31:31 AM",0,1,,,,,1,1,1,,,,1,1,1,2,2,1,1,,,,1,1,1,1,,,,,,,,,,False,False,False,False,False,False,False,False,True,,False,,False,False,,,,False,,,6683f57b-f890-ec11-b400-000d3a2917d8,"systemuser",,,,,,,6683f57b-f890-ec11-b400-000d3a2917d8,"systemuser",,,,,,,6d35fd75-f890-ec11-b400-000d3a2917d8,"businessunit",,,6683f57b-f890-ec11-b400-000d3a2917d8,"systemuser",,,,,,,,,,,45e9a5af-1691-ec11-b400-000d3a2917d8,"transactioncurrency",6683f57b-f890-ec11-b400-000d3a2917d8,"systemuser",e1ba0a8c-1791-ec11-b400-000d3a2911da,"account",,,,,,,,,,,,,7619a1e7-6668-4775-8258-ffeff6ab1170,"Issaquah","5979 El Pueblo
Issaquah, WA 23382
U.S.","U.S.",,,,"5979 El Pueblo",,,,,"23382",,,"WA",,,,,,54abaa40-1475-496f-b780-1e83dd4bc451,,,,,,,,,,,,,,,,,,,,,f9b4bc6f-810f-4476-b1a3-00df0788af99,,,,,,,,,,,,,,,,,,,,,,,,,,,,,,,,,,,,,,,,"2003-02-26T00:00:00",,,"1989-12-10T00:00:00",,,,,9fbb0a8c-1791-ec11-b400-000d3a2911da,,,"Martin Poeckl","Martin Poeckl","2022-02-19T00:05:21.0000000+00:00",,,,,"someone_b@example.com",,,,,637808259447827289,"/Image/download.aspx?Entity=contact&Attribute=entityimage&Id=9fbb0a8c-1791-ec11-b400-000d3a2911da&Timestamp=637808259447827289",321988ad-1791-ec11-b400-000d3a2917d8,1.000000000000,,,"Susanna",,"Susanna Stubberod (sample)",,,1,"Purchasing Manager","Stubberod (sample)",,,,,,,,,,,"Martin Poeckl","Martin Poeckl","2022-02-19T00:05:44Z",,,,,,,,,,"Martin Poeckl",,"Martin Poeckl","orgf889ae0b",,,,"Litware, Inc.",,,,,,,,,,"Agarwal, Manoj",,,,"555-0101",,,,4,"Euro",,,1998007,,,"Susanna Stubberod (sample)",,
b3bb0a8c-1791-ec11-b400-000d3a2911da,"12/16/2025 10:31:31 AM","12/16/2025 10:31:31 AM",0,1,,,,,1,1,1,,,,1,1,1,1,2,1,1,,,,1,1,1,1,,,,,,,,,,False,False,False,False,False,False,False,False,True,,False,,False,False,,,,False,,,6683f57b-f890-ec11-b400-000d3a2917d8,"systemuser",,,,,,,6683f57b-f890-ec11-b400-000d3a2917d8,"systemuser",,,,,,,6d35fd75-f890-ec11-b400-000d3a2917d8,"businessunit",,,6683f57b-f890-ec11-b400-000d3a2917d8,"systemuser",,,,,,,,,,,45e9a5af-1691-ec11-b400-000d3a2917d8,"transactioncurrency",6683f57b-f890-ec11-b400-000d3a2917d8,"systemuser",efba0a8c-1791-ec11-b400-000d3a2911da,"account",,,,,,,,,,,,,2fb4fcc8-875c-4307-ba33-3033d1aec884,"Seattle","931 Corte De Luna
Seattle, WA 79465
U.S.","U.S.",,,,"931 Corte De Luna",,,,,"79465",,,"WA",,,,,,136bb4d7-5e65-4b6f-91de-4644453e2d77,,,,,,,,,,,,,,,,,,,,,248dce86-e969-4dd6-a7fe-51c42e3a1c23,,,,,,,,,,,,,,,,,,,,,,,,,,,,,,,,,,,,,,,,,,,"1969-01-03T00:00:00",,,,,b3bb0a8c-1791-ec11-b400-000d3a2911da,,,"Martin Poeckl","Martin Poeckl","2022-02-19T00:05:22.0000000+00:00",,,,,"someone_l@example.com",,,,,637808259463921379,"/Image/download.aspx?Entity=contact&Attribute=entityimage&Id=b3bb0a8c-1791-ec11-b400-000d3a2911da&Timestamp=637808259463921379",3c1988ad-1791-ec11-b400-000d3a2917d8,1.000000000000,,,"Susan",,"Susan Burk (sample)",,,1,"Owner","Burk (sample)",,,,,,,,,,,"Martin Poeckl","Martin Poeckl","2022-02-19T00:05:46Z",,,,,,,,,,"Martin Poeckl",,"Martin Poeckl","orgf889ae0b",,,,"A. Datum Corporation",,,,,,,,,,,,,,"555-0111",,,,4,"Euro",,,1997975,,,"Susan Burk (sample)",,
b5bb0a8c-1791-ec11-b400-000d3a2911da,"12/16/2025 10:31:31 AM","12/16/2025 10:31:31 AM",0,1,,,,,1,1,1,,,,1,1,1,1,1,1,1,,,,1,1,1,1,,,,,,,,,,False,False,False,False,False,False,False,False,True,,False,,False,False,,,,False,,,6683f57b-f890-ec11-b400-000d3a2917d8,"systemuser",,,,,,,6683f57b-f890-ec11-b400-000d3a2917d8,"systemuser",,,,,,,6d35fd75-f890-ec11-b400-000d3a2917d8,"businessunit",,,6683f57b-f890-ec11-b400-000d3a2917d8,"systemuser",,,,,,,,,,,45e9a5af-1691-ec11-b400-000d3a2917d8,"transactioncurrency",6683f57b-f890-ec11-b400-000d3a2917d8,"systemuser",f1ba0a8c-1791-ec11-b400-000d3a2911da,"account",,,,,,,,,,,,,36576424-a203-4338-9d2d-5785e093791b,"Seattle","7842 Ygnacio Valley Road
Seattle, WA 12150
U.S.","U.S.",,,,"7842 Ygnacio Valley Road",,,,,"12150",,,"WA",,,,,,baa721c9-2d13-4603-a3fc-dc4ecffa569a,,,,,,,,,,,,,,,,,,,,,25d9016e-ed5c-450a-b6cc-096cadee7fb4,,,,,,,,,,,,,,,,,,,,,,,,,,,,,,,,,,,,,,,,,,,"1983-04-08T00:00:00",,,,,b5bb0a8c-1791-ec11-b400-000d3a2911da,,,"Martin Poeckl","Martin Poeckl","2022-02-19T00:05:22.0000000+00:00",,,,,"someone_m@example.com",,,,,637808259465015146,"/Image/download.aspx?Entity=contact&Attribute=entityimage&Id=b5bb0a8c-1791-ec11-b400-000d3a2911da&Timestamp=637808259465015146",3d1988ad-1791-ec11-b400-000d3a2917d8,1.000000000000,,,"Thomas",,"Thomas Andersen (sample)",,,1,"Purchasing Manager","Andersen (sample)",,,,,,,,,,,"Martin Poeckl","Martin Poeckl","2022-02-19T00:05:46Z",,,,,,,,,,"Martin Poeckl",,"Martin Poeckl","orgf889ae0b",,,,"Coho Winery",,,,,,,,,,,,,,"555-0112",,,,4,"Euro",,,1997993,,,"Thomas Andersen (sample)",,
